id,name,loaded_at
1,Alice Johnson,2024-01-15T08:30:45Z
2,Bob Smith,2024-01-15T09:15:22Z
3,Charlie Brown,2024-01-15T10:45:18Z
4,Diana Prince,2024-01-15T11:20:33Z
5,Edward Wilson,2024-01-15T12:05:47Z
6,Fiona Green,2024-01-15T13:40:12Z
7,George Miller,2024-01-15T14:25:56Z
8,Hannah Davis,2024-01-15T15:10:29Z
9,Ian Thompson,2024-01-15T16:55:14Z
10,Julia Roberts,2024-01-15T17:30:38Z
11,Kevin Anderson,2024-01-16T08:45:21Z
12,Linda Martinez,2024-01-16T09:20:47Z
13,Michael Chen,2024-01-16T10:35:19Z
14,Nancy Garcia,2024-01-16T11:50:33Z
15,Oliver Rodriguez,2024-01-16T12:15:44Z
16,Patricia Lee,2024-01-16T13:25:17Z
17,Quincy Taylor,2024-01-16T14:40:52Z
18,Rachel White,2024-01-16T15:55:28Z
19,Samuel Jackson,2024-01-16T16:30:41Z
20,Tina Turner,2024-01-16T17:45:59Z
21,Ursula King,2024-01-17T08:15:33Z
22,Victor Adams,2024-01-17T09:30:47Z
23,Wendy Clark,2024-01-17T10:45:12Z
24,Xavier Brooks,2024-01-17T11:20:25Z
25,Yolanda Scott,2024-01-17T12:35:18Z
26,Zachary Hill,2024-01-17T13:50:41Z
27,Amanda Foster,2024-01-17T14:25:36Z
28,Brandon Cooper,2024-01-17T15:40:22Z
29,Catherine Ward,2024-01-17T16:15:59Z
30,Daniel Parker,2024-01-17T17:30:14Z